Álvaro Obregón,1RA AMPLIACION PRESIDENTES
Álvaro Obregón,1RA SECCION CAÑADA
Álvaro Obregón,1RA VICTORIA
Álvaro Obregón,2DA AMPLIACION PRESIDENTES
Álvaro Obregón,2DA DEL MORAL DEL PUEBLO TETELPAN
Álvaro Obregón,2DA SECCION CANADA
Álvaro Obregón,2DO REACOMODO TLACUITLAPA
Álvaro Obregón,8 DE AGOSTO
Álvaro Obregón,ABRAHAM M GONZALEZ
Álvaro Obregón,ACUEDUCTO
Álvaro Obregón,ACUILOTLA
Álvaro Obregón,ALCANTARILLA
Álvaro Obregón,ALFONSO XIII
Álvaro Obregón,ALTAVISTA
Álvaro Obregón,Ampl. ACUEDUCTO
Álvaro Obregón,Ampl. ALPES
Álvaro Obregón,Ampl. DOS RIOS
Álvaro Obregón,Ampl. EL CAPULIN
Álvaro Obregón,Ampl. ESTADO DE HIDALGO
Álvaro Obregón,Ampl. JALALPA
Álvaro Obregón,Ampl. LA CEBADA
Álvaro Obregón,Ampl. LA MEXICANA
Álvaro Obregón,Ampl. LAS AGUILAS
Álvaro Obregón,Ampl. LOS PIRULES
Álvaro Obregón,Ampl. PILOTO ADOLFO LOPEZ MATEOS
Álvaro Obregón,Ampl. TEPEACA
Álvaro Obregón,Ampl. TLACUITLAPA
Álvaro Obregón,ARCOS DEL CENTENARIO
Álvaro Obregón,ARTURO MARTINEZ
Álvaro Obregón,ARVIDE
Álvaro Obregón,ATLAMAYA
Álvaro Obregón,AVE REAL
Álvaro Obregón,BALCONES DE CEGUAYO
Álvaro Obregón,BEJERO DEL PUEBLO SANTA FE
Álvaro Obregón,BELEM DE LAS FLORES
Álvaro Obregón,BELLAVISTA
Álvaro Obregón,Bo. ALFALFAR
Álvaro Obregón,Bo. LA OTRA BANDA
Álvaro Obregón,Bo. LORETO
Álvaro Obregón,Bo. NORTE
Álvaro Obregón,Bo. SANTA MARIA NONOALCO
Álvaro Obregón,BONANZA
Álvaro Obregón,BOSQUE
Álvaro Obregón,CALZADA JALALPA
Álvaro Obregón,CAMPESTRE
Álvaro Obregón,CAMPO DE TIRO LOS GAMITOS
Álvaro Obregón,CANUTILLO
Álvaro Obregón,CANUTILLO 2DA SECCION
Álvaro Obregón,CANUTILLO 3RA SECCION
Álvaro Obregón,CARLOS A MADRAZO
Álvaro Obregón,CAROLA
Álvaro Obregón,CEGUAYA
Álvaro Obregón,CHIMALISTAC
Álvaro Obregón,COLINA DEL SUR
Álvaro Obregón,COLINAS DE TARANGO
Álvaro Obregón,COOPERATIVA UNION OLIVOS
Álvaro Obregón,CORPUS CHRISTY
Álvaro Obregón,COVE
Álvaro Obregón,CRISTO REY
Álvaro Obregón,CUEVITAS
Álvaro Obregón,DESARROLLO URBANO
Álvaro Obregón,Ejido SAN MATEO
Álvaro Obregón,EL ARBOL
Álvaro Obregón,EL BOSQUE 2A SECC
Álvaro Obregón,EL CAPULIN
Álvaro Obregón,EL CUERNITO
Álvaro Obregón,EL ENCINO DEL PUEBLO TETELPAN
Álvaro Obregón,EL MIRADOR DEL PUEBLO TETELPAN
Álvaro Obregón,EL PIRU 2DA AMPLIACION
Álvaro Obregón,EL PIRU SANTA FE
Álvaro Obregón,EL PIRUL
Álvaro Obregón,EL POCITO
Álvaro Obregón,EL POLITOCO
Álvaro Obregón,EL RINCON
Álvaro Obregón,EL RODEO
Álvaro Obregón,EL RUEDO
Álvaro Obregón,EL TEJOCOTE
Álvaro Obregón,ERMITA TIZAPAN
Álvaro Obregón,ESTADO DE HIDALGO
Álvaro Obregón,EX HACIENDA DE TARANGO
Álvaro Obregón,EX HACIENDA DE TARANGO
Álvaro Obregón,EX-HACIENDA DE GUADALUPE CHIMALISTAC
Álvaro Obregón,FLOR DE MARIA
Álvaro Obregón,FLORIDA
Álvaro Obregón,FRANCISCO VILLA
Álvaro Obregón,GALEANA
Álvaro Obregón,GARCIMARRERO
Álvaro Obregón,GOLONDRINAS 1RA SECCION
Álvaro Obregón,GOLONDRINAS 2DA SECCION
Álvaro Obregón,GUADALUPE INN
Álvaro Obregón,HERON PROAL
Álvaro Obregón,HIDALGO
Álvaro Obregón,HOGAR Y REDENCION
Álvaro Obregón,HUEYTLALE
Álvaro Obregón,ISIDRO FABELA
Álvaro Obregón,JALALPA EL GRANDE
Álvaro Obregón,JALALPA TEPITO
Álvaro Obregón,JALALPA TEPITO 2DA AMPLIACION
Álvaro Obregón,JARDINES DEL PEDREGAL
Álvaro Obregón,JOSE MARIA PINO SUAREZ
Álvaro Obregón,LA ANGOSTURA
Álvaro Obregón,LA ARANA
Álvaro Obregón,LA CASCADA
Álvaro Obregón,LA CONCHITA
Álvaro Obregón,LA ESTRELLA
Álvaro Obregón,LA HERRADURA DEL PUEBLO TETELPAN
Álvaro Obregón,LA HUERTA
Álvaro Obregón,LA JOYA
Álvaro Obregón,LA JOYITA DEL PUEBLO TETELPAN
Álvaro Obregón,LA MARTINICA
Álvaro Obregón,LA MEXICANA
Álvaro Obregón,LA MEXICANA 2DA AMPL
Álvaro Obregón,LA MILAGROSA
Álvaro Obregón,LA PALMITA
Álvaro Obregón,LA PENITA DEL PUEBLO TETELPAN
Álvaro Obregón,LA PRESA
Álvaro Obregón,LADERA GRANDE
Álvaro Obregón,LAS AGUILAS
Álvaro Obregón,LAS AGUILAS 1RA SECCION
Álvaro Obregón,LAS AGUILAS 2DO PARQUE
Álvaro Obregón,LAS AGUILAS 3ER PARQUE
Álvaro Obregón,LAS AMERICAS
Álvaro Obregón,LAS GOLONDRINAS
Álvaro Obregón,LIBERACION PROLETARIA
Álvaro Obregón,LIBERALES DE 1857
Álvaro Obregón,LLANO REDONDO
Álvaro Obregón,LOMAS AXOMIATLA
Álvaro Obregón,LOMAS DE BECERRA
Álvaro Obregón,LOMAS DE CAPULA
Álvaro Obregón,LOMAS DE CHAMONTOYA
Álvaro Obregón,LOMAS DE GUADALUPE
Álvaro Obregón,LOMAS DE LA ERA
Álvaro Obregón,LOMAS DE LAS AGUILAS
Álvaro Obregón,LOMAS DE LOS ANGELES DEL PUEBLO TETELPAN
Álvaro Obregón,LOMAS DE LOS CEDROS
Álvaro Obregón,LOMAS DE NUEVO MEXICO
Álvaro Obregón,LOMAS DE PLATEROS
Álvaro Obregón,LOMAS DE PUERTA GRANDE
Álvaro Obregón,LOMAS DE SAN ANGEL INN
Álvaro Obregón,LOMAS DE SANTA FE
Álvaro Obregón,LOMAS DE TARANGO
Álvaro Obregón,LOS ALPES
Álvaro Obregón,LOS CEDROS
Álvaro Obregón,LOS GAMITOS
Álvaro Obregón,LOS JURISTAS
Álvaro Obregón,MARGARITA MAZA DE JUAREZ
Álvaro Obregón,MARIA G DE GARCIA RUIZ
Álvaro Obregón,MARTIRES DE TACUBAYA
Álvaro Obregón,MERCED GOMEZ
Álvaro Obregón,MIGUEL GAONA ARMENTA
Álvaro Obregón,MIGUEL HIDALGO
Álvaro Obregón,MINAS CRISTO REY
Álvaro Obregón,MOLINO DE ROSAS
Álvaro Obregón,MOLINO DE SANTO DOMINGO
Álvaro Obregón,OCOTILLOS DEL PUEBLO DE TETELPAN
Álvaro Obregón,OLIVAR DE LOS PADRES
Álvaro Obregón,OLIVAR DEL CONDE 1RA SECCION
Álvaro Obregón,OLIVAR DEL CONDE 2DA SECCION
Álvaro Obregón,PALMAS
Álvaro Obregón,PALMAS AXOTITLA
Álvaro Obregón,PARAISO
Álvaro Obregón,PASEO DE LAS LOMAS
Álvaro Obregón,Pbo. AXOTLA
Álvaro Obregón,Pbo. NUEVO
Álvaro Obregón,Pbo. SAN BARTOLO AMEYALCO
Álvaro Obregón,Pbo. SANTA FE
Álvaro Obregón,Pbo. SANTA LUCIA
Álvaro Obregón,Pbo. SANTA LUCIA CHANTEPEC
Álvaro Obregón,Pbo. SANTA ROSA XOCHIAC
Álvaro Obregón,Pbo. TETELPAN
Álvaro Obregón,Pbo. TIZAPAN
Álvaro Obregón,Pbo. TLACOPAC
Álvaro Obregón,PILOTO ADOLFO LOPEZ MATEOS
Álvaro Obregón,PIRU SANTA LUCIA
Álvaro Obregón,POLVORA
Álvaro Obregón,PONCIANO ARRIAGA
Álvaro Obregón,PRECONCRETO
Álvaro Obregón,PRESIDENTES
Álvaro Obregón,PROFESOR J ARTURO LOPEZ MARTINEZ
Álvaro Obregón,PROGRESO TIZAPAN
Álvaro Obregón,PUENTE COLORADO
Álvaro Obregón,PUERTA GRANDE
Álvaro Obregón,PUNTA DE CEGUAYO
Álvaro Obregón,RANCHO DEL CARMEN DEL PUEBLO SAN BARTOLO AMEYALCO
Álvaro Obregón,RANCHO SAN FRANCISCO DEL PBLO SAN BARTOLO AMEYALCO
Álvaro Obregón,REACOMODO EL CUERNITO
Álvaro Obregón,REACOMODO PINO SUAREZ
Álvaro Obregón,REACOMODO VALENTIN GOMEZ FARIAS
Álvaro Obregón,REAL DEL MONTE
Álvaro Obregón,RINCON DE LA BOLSA
Álvaro Obregón,RINCONADA DE TARANGO
Álvaro Obregón,RINCONADA LAS CUEVITAS
Álvaro Obregón,SACRAMENTO
Álvaro Obregón,SAN AGUSTIN DEL PUEBLO TETELPAN
Álvaro Obregón,SAN ANGEL
Álvaro Obregón,SAN ANGEL INN
Álvaro Obregón,SAN CLEMENTE NORTE
Álvaro Obregón,SAN CLEMENTE SUR
Álvaro Obregón,SAN GABRIEL
Álvaro Obregón,SAN JERONIMO ACULCO
Álvaro Obregón,SAN JOSE DEL OLIVAR
Álvaro Obregón,SAN PEDRO DE LOS PINOS
Álvaro Obregón,SANTA FE
Álvaro Obregón,SANTA FE CENTRO CIUDAD
Álvaro Obregón,SANTA FE LA LOMA
Álvaro Obregón,SANTA FE PENA BLANCA
Álvaro Obregón,SANTA FE TLAYAPACA
Álvaro Obregón,SANTA LUCIA CHANTEPEC
Álvaro Obregón,TARANGO
Álvaro Obregón,TECALCAPA DEL PUEBLO TETELPAN
Álvaro Obregón,TECOLALCO
Álvaro Obregón,TEPEACA
Álvaro Obregón,TEPOPOTLA
Álvaro Obregón,TIZAMPAMPANO DEL PUEBLO TETELPAN
Álvaro Obregón,TLACOYAQUE
Álvaro Obregón,TLACUITLAPA
Álvaro Obregón,TLAPECHICO
Álvaro Obregón,TOLTECA
Álvaro Obregón,TORRES DE POTRERO
Álvaro Obregón,Villa PROGRESISTA
Álvaro Obregón,Villa SOLIDARIDAD
Álvaro Obregón,Villa VERDUN
Álvaro Obregón,Z.Feder. ZONA RUSTICA
Álvaro Obregón,Z.Feder. ZONA RUSTICA
Álvaro Obregón,ZENON DELGADO
Álvaro Obregón,ZONA FEDERAL
Álvaro Obregón,ZONA FEDERAL
Álvaro Obregón,ZONA RUSTICA
Álvaro Obregón,ZONA RUSTICA
Álvaro Obregón,ZONA RUSTICA
Álvaro Obregón,ZONA RUSTICA
Azcapotzalco,AGUILERA
Azcapotzalco,ALDANA
Azcapotzalco,Ampl. COSMOPOLITA
Azcapotzalco,Ampl. DEL GAS
Azcapotzalco,Ampl. PETROLERA
Azcapotzalco,Ampl. SAN PEDRO XALPA
Azcapotzalco,ANGEL ZIMBRON
Azcapotzalco,ARENAL
Azcapotzalco,Bo. COLTONGO
Azcapotzalco,Bo. HUAUTLA DE LAS SALINAS
Azcapotzalco,Bo. LOS REYES
Azcapotzalco,Bo. NEXTENGO
Azcapotzalco,Bo. NUEVO BARRIO SAN RAFAEL
Azcapotzalco,Bo. SAN ANDRES
Azcapotzalco,Bo. SAN BERNABE
Azcapotzalco,Bo. SAN MARCOS
Azcapotzalco,Bo. SAN MATEO
Azcapotzalco,Bo. SANTA APOLONIA
Azcapotzalco,Bo. SANTA LUCIA
Azcapotzalco,CENTRO DE AZCAPOTZALCO
Azcapotzalco,CLAVERIA
Azcapotzalco,COLTONGO
Azcapotzalco,COSMOPOLITA
Azcapotzalco,DEL GAS
Azcapotzalco,DEL MAESTRO
Azcapotzalco,DEL RECREO
Azcapotzalco,EL JAGUEY
Azcapotzalco,EL ROSARIO
Azcapotzalco,ESTACION PANTACO
Azcapotzalco,EUZKADI
Azcapotzalco,EX-HACIENDA EL ROSARIO
Azcapotzalco,FERRERIA
Azcapotzalco,IGNACIO ALLENDE
Azcapotzalco,INDUSTRIAL SAN ANTONIO
Azcapotzalco,INDUSTRIAL VALLEJO
Azcapotzalco,JARDIN AZPEITIA
Azcapotzalco,LA PRECIOSA
Azcapotzalco,LA RAZA
Azcapotzalco,LAS SALINAS
Azcapotzalco,LIBERACION
Azcapotzalco,LIBERTAD
Azcapotzalco,MONTE ALTO
Azcapotzalco,NUEVA EL ROSARIO
Azcapotzalco,NUEVA ESPAÑA
Azcapotzalco,NUEVA SANTA MARIA
Azcapotzalco,OBRERO POPULAR
Azcapotzalco,PASTEROS
Azcapotzalco,PATRIMONIO FAMILIAR
Azcapotzalco,Pbo. SAN ANDRES
Azcapotzalco,Pbo. SAN ANDRES DE LAS SALINAS
Azcapotzalco,Pbo. SAN BARTOLO CAHUALTONGO
Azcapotzalco,Pbo. SAN FRANCISCO TETECALA
Azcapotzalco,Pbo. SAN FRANCISCO XOCOTITLA
Azcapotzalco,Pbo. SAN JUAN TLIHUACA
Azcapotzalco,Pbo. SAN MARTIN XOCHINAHUAC
Azcapotzalco,Pbo. SAN MIGUEL AMANTLA
Azcapotzalco,Pbo. SAN PEDRO XALPA
Azcapotzalco,Pbo. SANTA BARBARA
Azcapotzalco,Pbo. SANTA CATARINA
Azcapotzalco,Pbo. SANTA CRUZ ACAYUCAN
Azcapotzalco,Pbo. SANTA MARIA MALINALCO
Azcapotzalco,Pbo. SANTIAGO AHUIZOTLA
Azcapotzalco,Pbo. SANTO DOMINGO
Azcapotzalco,PETROLERA
Azcapotzalco,PLENITUD
Azcapotzalco,PORVENIR
Azcapotzalco,POTRERO DEL LLANO
Azcapotzalco,PRADOS DEL ROSARIO
Azcapotzalco,PRO HOGAR
Azcapotzalco,PROVIDENCIA
Azcapotzalco,REYNOSA TAMAULIPAS
Azcapotzalco,SAN ALVARO
Azcapotzalco,SAN ANTONIO
Azcapotzalco,SAN RAFAEL
Azcapotzalco,SAN SALVADOR XOCHIMANCA
Azcapotzalco,SAN SEBASTIAN
Azcapotzalco,SANTA CRUZ DE LAS SALINAS
Azcapotzalco,SANTA INES
Azcapotzalco,SANTO TOMAS
Azcapotzalco,SECTOR NAVAL
Azcapotzalco,SINDICATO MEXICANO DE ELECTRICISTAS
Azcapotzalco,TEZOZOMOC
Azcapotzalco,TIERRA NUEVA
Azcapotzalco,TLATILCO
Azcapotzalco,TRABAJADORES DEL HIERRO
Azcapotzalco,UN HOGAR PARA CADA TRABAJADOR
Azcapotzalco,UNIDAD CUITLAHUAC
Azcapotzalco,VICTORIA DE LAS DEMOCRACIAS
Benito Juárez,8 DE AGOSTO
Benito Juárez,ACACIAS
Benito Juárez,ACTIPAN
Benito Juárez,ALAMOS
Benito Juárez,ALBERT
Benito Juárez,AMERICAS UNIDAS
Benito Juárez,Ampl. NAPOLES
Benito Juárez,ATENOR SALAS
Benito Juárez,CIUDAD DE LOS DEPORTES
Benito Juárez,CREDITO CONSTRUCTOR
Benito Juárez,DEL CARMEN
Benito Juárez,DEL LAGO
Benito Juárez,DEL VALLE CENTRO
Benito Juárez,DEL VALLE NORTE
Benito Juárez,DEL VALLE SUR
Benito Juárez,ERMITA
Benito Juárez,EXTREMADURA INSURGENTES
Benito Juárez,GENERAL PEDRO MA ANAYA
Benito Juárez,INDEPENDENCIA
Benito Juárez,INSURGENTES MIXCOAC
Benito Juárez,INSURGENTES SAN BORJA
Benito Juárez,IZTACCIHUATL
Benito Juárez,JOSEFA ORTIZ DE DOMINGUEZ
Benito Juárez,LETRAN VALLE
Benito Juárez,MERCED GOMEZ
Benito Juárez,MIGUEL ALEMAN
Benito Juárez,MIRAVALLE
Benito Juárez,MIXCOAC
Benito Juárez,MODERNA
Benito Juárez,NAPOLES
Benito Juárez,NARVARTE ORIENTE
Benito Juárez,NARVARTE PONIENTE
Benito Juárez,NATIVITAS
Benito Juárez,NIÑOS HEROES
Benito Juárez,NOCHE BUENA
Benito Juárez,PERIODISTA
Benito Juárez,PIEDAD NARVARTE
Benito Juárez,PORTALES NORTE
Benito Juárez,PORTALES ORIENTE
Benito Juárez,PORTALES SUR
Benito Juárez,POSTAL
Benito Juárez,Residnc. EMPERADORES
Benito Juárez,SAN JOSE INSURGENTES
Benito Juárez,SAN JUAN
Benito Juárez,SAN PEDRO DE LOS PINOS
Benito Juárez,SAN SIMON TICUMAC
Benito Juárez,SANTA CRUZ ATOYAC
Benito Juárez,STA MARIA NONOALCO
Benito Juárez,TLACOQUEMECATL
Benito Juárez,VERTIZ NARVARTE
Benito Juárez,Villa DE CORTES
Benito Juárez,XOCO
Benito Juárez,ZACAHUITZCO
Coyoacán,ADOLFO RUIZ CORTINES
Coyoacán,AJUSCO
Coyoacán,ALIANZA POPULAR REVOLUCIONARIA
Coyoacán,ATLANTIDA
Coyoacán,AVANTE
Coyoacán,Bo. DEL NIÑO JESUS
Coyoacán,Bo. LA CONCEPCION
Coyoacán,Bo. OXTOPULCO UNIVERSIDAD
Coyoacán,Bo. SAN LUCAS
Coyoacán,Bo. SANTA CATARINA
Coyoacán,BOSQUES DE TETLAMEYA
Coyoacán,CAFETALES
Coyoacán,CAMPESTRE CHURUBUSCO
Coyoacán,CAMPESTRE COYOACAN
Coyoacán,CANTIL DEL PEDREGAL
Coyoacán,CANTIL DEL PEDREGAL
Coyoacán,CARMEN SERDAN
Coyoacán,CD UNIVERSITARIA
Coyoacán,CHURUBUSCO COUNTRY CLUB
Coyoacán,CIUDAD JARDIN
Coyoacán,COPILCO EL ALTO
Coyoacán,COPILCO EL BAJO
Coyoacán,COPILCO UNIVERSIDAD
Coyoacán,CUADRANTE DE SAN FRANCISCO
Coyoacán,CULHUACAN C.T.M. SECCIÃ“N X
Coyoacán,CULHUACAN CTM CANAL NACIONAL
Coyoacán,CULHUACAN CTM CROC
Coyoacán,CULHUACAN CTM SECC III
Coyoacán,CULHUACAN CTM SECCION  I
Coyoacán,CULHUACAN CTM SECCION  II
Coyoacán,CULHUACAN CTM SECCION IX-A
Coyoacán,CULHUACAN CTM SECCION IX-B
Coyoacán,CULHUACAN CTM SECCION PILOTO
Coyoacán,CULHUACAN CTM SECCION V
Coyoacán,CULHUACAN CTM SECCION VI
Coyoacán,CULHUACAN CTM SECCION VII
Coyoacán,CULHUACAN CTM SECCION VIII
Coyoacán,CULHUACAN CTM SECCION X-A
Coyoacán,DEL CARMEN
Coyoacán,EDUCACION
Coyoacán,EL CARACOL
Coyoacán,EL CENTINELA
Coyoacán,EL MIRADOR
Coyoacán,EL PARQUE DE COYOACAN
Coyoacán,EL RELOJ
Coyoacán,EL ROSARIO
Coyoacán,EL ROSEDAL
Coyoacán,EMILIANO ZAPATA
Coyoacán,EMILIANO ZAPATA FRACCIONAMIENTO POPULAR
Coyoacán,ESPARTACO
Coyoacán,EX EJIDO DE  SANTA URSULA COAPA
Coyoacán,EX EJIDO SAN PABLO TEPETLAPA
Coyoacán,EX HACIENDA COAPA
Coyoacán,EX-EJIDO DE SAN FRANCISCO CULHUACAN
Coyoacán,Fracc. LOS ROBLES
Coyoacán,HACIENDAS DE COYOACAN
Coyoacán,HERMOSILLO
Coyoacán,HUAYAMILPAS
Coyoacán,INSURGENTES CUICUILCO
Coyoacán,JARDINES DE COYOACAN
Coyoacán,JARDINES DEL PEDREGAL DE SAN ANGEL
Coyoacán,JOYAS DEL PEDREGAL
Coyoacán,LA OTRA BANDA
Coyoacán,LAS CAMPANAS
Coyoacán,LOS CEDROS
Coyoacán,LOS CIPRESES
Coyoacán,LOS GIRASOLES
Coyoacán,LOS OLIVOS
Coyoacán,LOS SAUCES
Coyoacán,NVA DIAZ ORDAZ
Coyoacán,OLIMPICA
Coyoacán,PARQUE SAN ANDRES
Coyoacán,PASEOS DE TAXQUENA
Coyoacán,Pbo. DE LOS REYES
Coyoacán,Pbo. DE SAN PABLO TEPETLAPA
Coyoacán,Pbo. DE SANTA URSULA COAPA
Coyoacán,Pbo. LA CANDELARIA
Coyoacán,PEDREGAL DE CARRASCO
Coyoacán,PEDREGAL DE SANTA URSULA
Coyoacán,PEDREGAL DE SN FRANCISCO
Coyoacán,PEDREGAL DE STO DOMINGO
Coyoacán,PETROLERA TAXQUENA
Coyoacán,PRADO CHURUBUSCO
Coyoacán,PRADOS DE COYOACAN
Coyoacán,PRADOS DE COYOACAN
Coyoacán,PRESIDENTES EJIDALES 1A SECCION
Coyoacán,PRESIDENTES EJIDALES 2A SECCION
Coyoacán,ROMERO DE TERREROS
Coyoacán,SAN DIEGO CHURUBUSCO
Coyoacán,SAN FRANCISCO CULHUACAN BARRIO DE LA MAGDALENA
Coyoacán,SAN FRANCISCO CULHUACAN BARRIO DE SAN FRANCISCO
Coyoacán,SAN FRANCISCO CULHUACAN BARRIO DE SAN JUAN
Coyoacán,SAN FRANCISCO CULHUACAN BARRIO DE SANTA ANA
Coyoacán,SAN MATEO
Coyoacán,SANTA CECILIA
Coyoacán,VIEJO EJIDO DE STA URSULA COAPA
Coyoacán,Villa COYOACAN
Coyoacán,VILLA QUIETUD
Coyoacán,XOTEPINGO
Cuajimalpa,1o DE MAYO
Cuajimalpa,ABDIAS GARCIA SOTO
Cuajimalpa,ADOLFO LOPEZ MATEOS
Cuajimalpa,AGUA BENDITA
Cuajimalpa,AHUATENCO
Cuajimalpa,AMADO NERVO
Cuajimalpa,Ampl. EL YAQUI
Cuajimalpa,AMPLIACION MEMETLA
Cuajimalpa,BOSQUES DE LAS LOMAS
Cuajimalpa,CAMPESTRE PALO ALTO
Cuajimalpa,CONTADERO
Cuajimalpa,COOPERATIVA PALO ALTO
Cuajimalpa,CRUZ BLANCA
Cuajimalpa,CUAJIMALPA
Cuajimalpa,EBANO
Cuajimalpa,EL MOLINITO
Cuajimalpa,EL MOLINO
Cuajimalpa,EL YAQUI
Cuajimalpa,GRANJAS NAVIDAD
Cuajimalpa,GRANJAS PALO ALTO
Cuajimalpa,JESUS DEL MONTE
Cuajimalpa,LA MANZANITA
Cuajimalpa,LA PILA
Cuajimalpa,LA VENTA
Cuajimalpa,LAS LAJAS
Cuajimalpa,LAS MAROMAS
Cuajimalpa,LAS TINAJAS
Cuajimalpa,LOCAXCO
Cuajimalpa,LOMA DEL PADRE
Cuajimalpa,LOMAS DE CHAMIZAL
Cuajimalpa,LOMAS DE MEMETLA
Cuajimalpa,LOMAS DE SN PEDRO
Cuajimalpa,LOMAS DE VISTA HERMOSA
Cuajimalpa,MANZANASTITLA
Cuajimalpa,MEMETLA
Cuajimalpa,Pbo. SAN LORENZO ACOPILCO
Cuajimalpa,Pbo. SAN MATEO TLALTENANGO
Cuajimalpa,Pbo. SAN PABLO CHIMALPA
Cuajimalpa,SAN JACINTO
Cuajimalpa,SAN JOSE DE LOS CEDROS
Cuajimalpa,SAN PEDRO
Cuajimalpa,SANTA FE CUAJIMALPA
Cuajimalpa,TEPETONGO
Cuajimalpa,TIANGUILLO
Cuajimalpa,XALPA
Cuajimalpa,ZACAMULPA
Cuajimalpa,ZENTLAPATL
Cuajimalpa,ZONA RUSTICA
Cuajimalpa,ZONA RUSTICA
Cuauhtémoc,ALGARIN
Cuauhtémoc,Ampl. ASTURIAS
Cuauhtémoc,ASTURIAS
Cuauhtémoc,ATLAMPA
Cuauhtémoc,BUENAVISTA
Cuauhtémoc,BUENOS AIRES
Cuauhtémoc,CENTRO
Cuauhtémoc,CONDESA
Cuauhtémoc,CUAUHTEMOC
Cuauhtémoc,DOCTORES
Cuauhtémoc,ESPERANZA
Cuauhtémoc,EX HIPODROMO DE PERALVILLO
Cuauhtémoc,FELIPE PESCADOR
Cuauhtémoc,GUERRERO
Cuauhtémoc,HIPODROMO
Cuauhtémoc,HIPODROMO CONDESA
Cuauhtémoc,JUAREZ
Cuauhtémoc,MAZA
Cuauhtémoc,MORELOS
Cuauhtémoc,NONOALCO TLATELOLCO
Cuauhtémoc,OBRERA
Cuauhtémoc,PAULINO NAVARRO
Cuauhtémoc,PERALVILLO
Cuauhtémoc,ROMA NORTE
Cuauhtémoc,ROMA SUR
Cuauhtémoc,SAN RAFAEL
Cuauhtémoc,SAN SIMON TOLNAHUAC
Cuauhtémoc,SANTA MARIA INSURGENTES
Cuauhtémoc,SANTA MARIA LA RIBERA
Cuauhtémoc,TABACALERA
Cuauhtémoc,TRANSITO
Cuauhtémoc,VALLE GOMEZ
Cuauhtémoc,VISTA ALEGRE
Gustavo A. Madero,15 DE AGOSTO
Gustavo A. Madero,25 DE JULIO
Gustavo A. Madero,6 DE JUNIO
Gustavo A. Madero,7 DE NOVIEMBRE
Gustavo A. Madero,ACUEDUCTO DE GUADALUPE
Gustavo A. Madero,AHUEHUETES
Gustavo A. Madero,Ampl. C T M ARAGON
Gustavo A. Madero,Ampl. CASAS ALEMAN
Gustavo A. Madero,Ampl. CASTILLO GRANDE
Gustavo A. Madero,Ampl. CHALMA DE GUADALUPE
Gustavo A. Madero,Ampl. EMILIANO ZAPATA
Gustavo A. Madero,Ampl. GABRIEL HERNANDEZ
Gustavo A. Madero,Ampl. MARTIRES DE RIO BLANCO
Gustavo A. Madero,Ampl. PANAMERICANA
Gustavo A. Madero,Ampl. PROGRESO NACIONAL
Gustavo A. Madero,Ampl. PROVIDENCIA
Gustavo A. Madero,Ampl. SAN JUAN DE ARAGON
Gustavo A. Madero,AMPLIACION ARBOLEDAS
Gustavo A. Madero,AMPLIACION BENITO JUAREZ
Gustavo A. Madero,AMPLIACION COCOYOTES
Gustavo A. Madero,AMPLIACION GUADALUPE PROLETARIA
Gustavo A. Madero,AMPLIACION MALACATES
Gustavo A. Madero,ARAGON INGUARAN
Gustavo A. Madero,ARAGON LA VILLA
Gustavo A. Madero,ARBOLEDAS
Gustavo A. Madero,BARRIO CANDELARIA TICOMAN
Gustavo A. Madero,BELISARIO DOMINGUEZ
Gustavo A. Madero,BENITO JUAREZ
Gustavo A. Madero,Bo. GUADALUPE  TICOMAN
Gustavo A. Madero,Bo. LA LAGUNA TICOMAN
Gustavo A. Madero,Bo. LA PURISIMA TICOMAN
Gustavo A. Madero,Bo. SAN JUAN Y GUADALUPE TICOMAN
Gustavo A. Madero,Bo. SAN RAFAEL TICOMAN
Gustavo A. Madero,BONDOJITO
Gustavo A. Madero,C T M ARAGON
Gustavo A. Madero,C T M ATZACOALCO
Gustavo A. Madero,C T M EL RISCO
Gustavo A. Madero,CAMPESTRE ARAGON
Gustavo A. Madero,CAPULTITLAN
Gustavo A. Madero,CASTILLO CHICO
Gustavo A. Madero,CASTILLO GRANDE
Gustavo A. Madero,CERRO DEL GUERRERO
Gustavo A. Madero,CERRO LOS GACHUPINES
Gustavo A. Madero,CHALMA DE GUADALUPE
Gustavo A. Madero,CHURUBUSCO TEPEYAC
Gustavo A. Madero,COCOYOTES
Gustavo A. Madero,COMPOSITORES MEXICANOS
Gustavo A. Madero,CONSTITUCION DE LA REPUBLICA
Gustavo A. Madero,CUAUTEPEC BARRIO ALTO
Gustavo A. Madero,CUAUTEPEC DE MADERO
Gustavo A. Madero,CUCHILLA DEL TESORO
Gustavo A. Madero,CUCHILLA LA JOYA
Gustavo A. Madero,D M NACIONAL
Gustavo A. Madero,DEFENSORES DE LA REPUBLICA
Gustavo A. Madero,DEL BOSQUE
Gustavo A. Madero,DEL CARMEN
Gustavo A. Madero,DEL OBRERO
Gustavo A. Madero,DINAMITA
Gustavo A. Madero,EL ARBOLILLO
Gustavo A. Madero,EL COYOL
Gustavo A. Madero,EL OLIVO
Gustavo A. Madero,EL TEPETATAL
Gustavo A. Madero,EMILIANO ZAPATA
Gustavo A. Madero,ESTANZUELA
Gustavo A. Madero,ESTRELLA
Gustavo A. Madero,EX ESCUELA DE TIRO
Gustavo A. Madero,EX-EJIDO SAN JUAN DE ARAGON SECTOR 33
Gustavo A. Madero,FAJA DE ORO
Gustavo A. Madero,FERNANDO CASAS ALEMAN
Gustavo A. Madero,FERROCARRILERA
Gustavo A. Madero,FORESTAL
Gustavo A. Madero,FORESTAL I
Gustavo A. Madero,FORESTAL II
Gustavo A. Madero,GABRIEL HERNANDEZ
Gustavo A. Madero,GENERAL FELIPE BERRIOZABAL
Gustavo A. Madero,GERTRUDIS SANCHEZ 1A SECCION
Gustavo A. Madero,GERTRUDIS SANCHEZ 2A SECC
Gustavo A. Madero,GERTRUDIS SANCHEZ 3A SECC
Gustavo A. Madero,GRANJAS MODERNAS
Gustavo A. Madero,GUADALUPE INSURGENTES
Gustavo A. Madero,GUADALUPE PROLETARIA
Gustavo A. Madero,GUADALUPE TEPEYAC
Gustavo A. Madero,GUADALUPE VICTORIA
Gustavo A. Madero,GUADALUPE VICTORIA
Gustavo A. Madero,HEROE DE NACOZARI
Gustavo A. Madero,HEROES DE CERRO PRIETO
Gustavo A. Madero,HEROES DE CHAPULTEPEC
Gustavo A. Madero,INDECO
Gustavo A. Madero,INDUSTRIAL
Gustavo A. Madero,JORGE NEGRETE
Gustavo A. Madero,JUAN GONZALEZ ROMERO
Gustavo A. Madero,JUVENTINO ROSAS
Gustavo A. Madero,LA CASILDA
Gustavo A. Madero,LA CRUZ
Gustavo A. Madero,LA ESMERALDA
Gustavo A. Madero,LA JOYA
Gustavo A. Madero,LA JOYITA
Gustavo A. Madero,LA LENGUETA
Gustavo A. Madero,LA MALINCHE
Gustavo A. Madero,LA PASTORA
Gustavo A. Madero,LA PRADERA
Gustavo A. Madero,LI  LEGISLATURA
Gustavo A. Madero,LINDAVISTA NORTE
Gustavo A. Madero,LINDAVISTA SUR
Gustavo A. Madero,LINDAVISTA VALLEJO 1A SECCION
Gustavo A. Madero,LINDAVISTA VALLEJO 2A SECCION
Gustavo A. Madero,LINDAVISTA VALLEJO 3A SECCION
Gustavo A. Madero,LOMA LA PALMA
Gustavo A. Madero,LOMAS DE CUAUTEPEC
Gustavo A. Madero,LUIS DONALDO COLOSIO
Gustavo A. Madero,MAGDALENA DE LAS SALINAS
Gustavo A. Madero,MALACATES
Gustavo A. Madero,MARTIN CARRERA
Gustavo A. Madero,MARTIRES DE RIO BLANCO
Gustavo A. Madero,MAXIMINO AVILA CAMACHO
Gustavo A. Madero,MONTEVIDEO
Gustavo A. Madero,NARCISO BASSOLS
Gustavo A. Madero,NUEVA ATZACOALCO
Gustavo A. Madero,NUEVA INDUSTRIAL VALLEJO
Gustavo A. Madero,NUEVA TENOCHTITLAN
Gustavo A. Madero,NUEVA VALLEJO
Gustavo A. Madero,PALMATITLA
Gustavo A. Madero,PANAMERICANA
Gustavo A. Madero,PARQUE METROPOLITANO
Gustavo A. Madero,Pbo. DE SANTIAGO ATZACOALCO
Gustavo A. Madero,Pbo. SAN JUAN DE ARAGON
Gustavo A. Madero,PLANETARIO LINDAVISTA
Gustavo A. Madero,PRADERA 2A SECCION
Gustavo A. Madero,PRADOS DE CUAUTEPEC
Gustavo A. Madero,PROGRESO NACIONAL
Gustavo A. Madero,PROVIDENCIA
Gustavo A. Madero,RESIDENCIAL ACUEDUCTO DE GUADALUPE
Gustavo A. Madero,Residnc. LA ESCALERA
Gustavo A. Madero,Residnc. ZACATENCO
Gustavo A. Madero,ROSAS DEL TEPEYAC
Gustavo A. Madero,SALVADOR DIAZ MIRON
Gustavo A. Madero,SAN ANTONIO
Gustavo A. Madero,SAN BARTOLO ATEPEHUACAN
Gustavo A. Madero,SAN FELIPE DE JESUS
Gustavo A. Madero,SAN JOSE DE LA ESCALERA
Gustavo A. Madero,SAN JOSE TICOMAN
Gustavo A. Madero,SAN JUAN DE ARAGON
Gustavo A. Madero,SAN JUAN DE ARAGON 1A SECC
Gustavo A. Madero,SAN JUAN DE ARAGON 7A SECC
Gustavo A. Madero,SAN JUAN DE ARAGON II SECCION
Gustavo A. Madero,SAN JUAN DE ARAGON III SECC
Gustavo A. Madero,SAN JUAN DE ARAGON IV SECC
Gustavo A. Madero,SAN JUAN DE ARAGON V SECCION
Gustavo A. Madero,SAN JUAN DE ARAGON VI SECCION
Gustavo A. Madero,SAN MIGUEL
Gustavo A. Madero,SAN PEDRO EL CHICO
Gustavo A. Madero,SAN PEDRO ZACATENCO
Gustavo A. Madero,SANTA ISABEL TOLA
Gustavo A. Madero,SANTA ROSA
Gustavo A. Madero,SANTIAGO ATEPETLAC
Gustavo A. Madero,SIETE MARAVILLAS
Gustavo A. Madero,SOLIDARIDAD NACIONAL
Gustavo A. Madero,STA MARIA TICOMAN
Gustavo A. Madero,TABLAS DE SAN AGUSTIN
Gustavo A. Madero,TEPETATES
Gustavo A. Madero,TEPEYAC INSURGENTES
Gustavo A. Madero,TLACAELEL
Gustavo A. Madero,TLACAMACA
Gustavo A. Madero,TLALPEXCO
Gustavo A. Madero,TORRES LINDAVISTA
Gustavo A. Madero,TRES ESTRELLAS
Gustavo A. Madero,TRIUNFO DE LA REPUBLICA
Gustavo A. Madero,U.Habit. CUCHILLA DEL TESORO
Gustavo A. Madero,U.Habit. EJIDO SAN JUAN DE ARAGON
Gustavo A. Madero,VALLE DE MADERO
Gustavo A. Madero,VALLE DEL TEPEYAC
Gustavo A. Madero,VALLEJO
Gustavo A. Madero,VALLEJO PONIENTE
Gustavo A. Madero,VASCO DE QUIROGA
Gustavo A. Madero,Villa DE ARAGON
Gustavo A. Madero,VILLA GUSTAVO A MADERO
Gustavo A. Madero,Villa HERMOSA
Gustavo A. Madero,VISTA HERMOSA
Gustavo A. Madero,ZONA ESCOLAR
Gustavo A. Madero,ZONA ESCOLAR ORIENTE
Gustavo A. Madero,ZONA RUSTICA
Gustavo A. Madero,ZONA RUSTICA
Iztacalco,AGRICOLA ORIENTAL
Iztacalco,AGRICOLA PANTITLAN
Iztacalco,Ampl. GABRIEL RAMOS MILLAN
Iztacalco,Bo. LA ASUNCION
Iztacalco,Bo. LOS REYES
Iztacalco,Bo. SAN FRANCISCO XICALTONGO
Iztacalco,Bo. SAN MIGUEL
Iztacalco,Bo. SAN PEDRO
Iztacalco,Bo. SANTA CRUZ
Iztacalco,Bo. SANTIAGO NORTE
Iztacalco,Bo. SANTIAGO SUR
Iztacalco,Bo. ZAPOTLA
Iztacalco,CAMPAMENTO DOS DE OCTUBRE
Iztacalco,CARLOS ZAPATA VELA
Iztacalco,CUCHILLA AGRICOLA ORIENTAL
Iztacalco,EL RODEO
Iztacalco,EX-EJIDO LA MAGDALENA MIXHUCA
Iztacalco,Fracc. COYUYA
Iztacalco,GABRIEL RAMOS MILLAN
Iztacalco,GABRIEL RAMOS MILLAN SECCION BRAMADERO
Iztacalco,GABRIEL RAMOS MILLAN SECCION CUCHILLA
Iztacalco,GABRIEL RAMOS MILLAN SECCION TLACOTAL
Iztacalco,GRANJAS MEXICO
Iztacalco,INFONAVIT IZTACALCO
Iztacalco,INPI PICOS
Iztacalco,JARDINES TECMA
Iztacalco,JUVENTINO ROSAS
Iztacalco,LA CRUZ
Iztacalco,LOS PICOS DE IZTACALCO SECCION 1 A
Iztacalco,LOS PICOS DE IZTACALCO SECCION 1 B
Iztacalco,LOS PICOS DE IZTACALCO SECCION 2 A
Iztacalco,MILITAR MARTE
Iztacalco,NUEVA SANTA ANITA
Iztacalco,REFORMA IZTACCIHUATL NORTE
Iztacalco,REFORMA IZTACCIHUATL SUR
Iztacalco,SANTA ANITA
Iztacalco,TLAZINTLA
Iztacalco,VIADUCTO PIEDAD
Iztapalapa,12 DE DICIEMBRE
Iztapalapa,AÑO DE JUAREZ
Iztapalapa,ALBARRADA
Iztapalapa,ALLEPETLALLI
Iztapalapa,ALVARO OBREGON
Iztapalapa,Ampl. BELLAVISTA
Iztapalapa,Ampl. EL SANTUARIO
Iztapalapa,Ampl. EL TRIUNFO
Iztapalapa,Ampl. EMILIANO ZAPATA
Iztapalapa,Ampl. LOS REYES
Iztapalapa,Ampl. PARAJE SAN JUAN
Iztapalapa,Ampl. SAN MIGUEL
Iztapalapa,Ampl. SANTA MARIA AZTAHUACAN
Iztapalapa,Ampl. SINATEL
Iztapalapa,Ampl. VERACRUZANA
Iztapalapa,AMPLIACION RICARDO FLORES MAGON
Iztapalapa,APATLACO
Iztapalapa,BANJIDAL
Iztapalapa,BARRANCA DE GUADALUPE
Iztapalapa,BELLAVISTA
Iztapalapa,BENITO JUAREZ
Iztapalapa,Bo. DE GUADALUPE
Iztapalapa,Bo. LA ASUNCION
Iztapalapa,Bo. SAN ANTONIO
Iztapalapa,Bo. SAN ANTONIO CULHUACAN
Iztapalapa,Bo. SAN IGNACIO
Iztapalapa,Bo. SAN JOSE
Iztapalapa,Bo. SAN LORENZO
Iztapalapa,Bo. SAN LUCAS
Iztapalapa,Bo. SAN MIGUEL
Iztapalapa,Bo. SAN PABLO
Iztapalapa,Bo. SAN PEDRO
Iztapalapa,Bo. SAN SIMON CULHUACAN
Iztapalapa,Bo. SANTA BARBARA
Iztapalapa,Bo. TULA
Iztapalapa,BUENAVISTA
Iztapalapa,CACAMA
Iztapalapa,CAMPESTRE POTRERO
Iztapalapa,CANANEA
Iztapalapa,CARLOS HANK GONZALEZ
Iztapalapa,CARLOS JONGUITUD BARRIOS
Iztapalapa,CASA BLANCA
Iztapalapa,CELOALLIOTLI
Iztapalapa,CENTRAL DE ABASTO
Iztapalapa,CERRO DE LA ESTRELLA
Iztapalapa,CHINAMPAC DE JUAREZ
Iztapalapa,CITLALLI
Iztapalapa,COLONIAL IZTAPALAPA
Iztapalapa,CONSEJO AGRARISTA MEXICANO
Iztapalapa,CONSTITUCION DE 1917
Iztapalapa,CUCHILLA DEL MORAL
Iztapalapa,DEGOLLADO
Iztapalapa,DESARROLLO URBANO QUETZALCOATL
Iztapalapa,DR ALFONSO ORTIZ TIRADO
Iztapalapa,EJERCITO DE AGUA PRIETA
Iztapalapa,EJERCITO DE ORIENTE
Iztapalapa,EJERCITO DE ORIENTE ZONA PEÑON
Iztapalapa,EL EDEN
Iztapalapa,EL MANTO
Iztapalapa,EL MIRADOR
Iztapalapa,EL MOLINO
Iztapalapa,EL MOLINO TEZONCO
Iztapalapa,EL PARAISO
Iztapalapa,EL PRADO
Iztapalapa,EL RETOÑO
Iztapalapa,EL RODEO
Iztapalapa,EL ROSARIO
Iztapalapa,EL SANTUARIO
Iztapalapa,EL SIFON
Iztapalapa,EL TRIANGULO
Iztapalapa,EL TRIUNFO
Iztapalapa,EL VERGEL
Iztapalapa,ERMITA ZARAGOZA
Iztapalapa,ESCUADRON 201
Iztapalapa,ESTADO DE VERACRUZ
Iztapalapa,ESTRELLA CULHUACAN
Iztapalapa,ESTRELLA DEL SUR
Iztapalapa,EVA SAMANO DE LOPEZ MATEOS
Iztapalapa,FRANCISCO VILLA
Iztapalapa,FUEGO NUEVO
Iztapalapa,GRANJAS DE SAN ANTONIO
Iztapalapa,GRANJAS ESMERALDA
Iztapalapa,GRANJAS ESTRELLA
Iztapalapa,GUADALUPE DEL MORAL
Iztapalapa,HEROES DE CHURUBUSCO
Iztapalapa,INSURGENTES
Iztapalapa,IZTLAHUACAN
Iztapalapa,JACARANDAS
Iztapalapa,JARDINES DE CHURUBUSCO
Iztapalapa,JARDINES DE SAN LORENZO TEZONCO
Iztapalapa,JOSE LOPEZ PORTILLO
Iztapalapa,JOSE MARIA MORELOS Y PAVON
Iztapalapa,JUAN ESCUTIA
Iztapalapa,JUSTO SIERRA
Iztapalapa,LA ERA
Iztapalapa,LA ESPERANZA
Iztapalapa,LA PLANTA
Iztapalapa,LA POLVORILLA
Iztapalapa,LA REGADERA
Iztapalapa,LAS PEÑAS
Iztapalapa,LEYES DE REFORMA 1A SECCION
Iztapalapa,LEYES DE REFORMA 2A SECCION
Iztapalapa,LEYES DE REFORMA 3A SECCION
Iztapalapa,LOMAS DE LA ESTANCIA
Iztapalapa,LOMAS DE SAN LORENZO
Iztapalapa,LOMAS DE STA CRUZ
Iztapalapa,LOMAS DE ZARAGOZA
Iztapalapa,LOMAS EL MANTO
Iztapalapa,LOMAS ESTRELLA
Iztapalapa,LOS ANGELES
Iztapalapa,LOS ANGELES APANOAYA
Iztapalapa,LOS CIPRESES
Iztapalapa,MIGUEL DE LA MADRID HURTADO
Iztapalapa,MINERVA
Iztapalapa,MIRAVALLES
Iztapalapa,MIXCOATL
Iztapalapa,MONTE ALBAN
Iztapalapa,NUEVA ROSITA
Iztapalapa,PALMITAS
Iztapalapa,PARAJE SAN JUAN
Iztapalapa,PARAJE SAN JUAN CERRO
Iztapalapa,PARAJE ZACATEPEC
Iztapalapa,PARQUE NACIONAL CERRO DE LA ESTRELLA
Iztapalapa,PASEOS DE CHURUBUSCO
Iztapalapa,Pbo. ACULCO
Iztapalapa,Pbo. CULHUACAN
Iztapalapa,Pbo. LOS REYES CULHUACAN
Iztapalapa,Pbo. MAGDALENA ATLAZOLPA
Iztapalapa,Pbo. MEXICALTZINGO
Iztapalapa,Pbo. SAN ANDRES TOMATLAN
Iztapalapa,Pbo. SAN JUANICO NEXTIPAC
Iztapalapa,Pbo. SAN LORENZO TEZONCO
Iztapalapa,Pbo. SAN LORENZO XICOTENCATL
Iztapalapa,Pbo. SAN SEBASTIAN TECOLOXTITLA
Iztapalapa,Pbo. SANTA MARIA AZTAHUACAN
Iztapalapa,Pbo. SANTA MARTHA ACATITLA
Iztapalapa,Pbo. SANTIAGO ACAHUALTEPEC
Iztapalapa,Pbo. STA CRUZ MEYEHUALCO
Iztapalapa,Pbo. STA MARIA TOMATLAN
Iztapalapa,PLAN DE IGUALA
Iztapalapa,PRESIDENTES DE MEXICO
Iztapalapa,PROGRESISTA
Iztapalapa,PROGRESO DEL SUR
Iztapalapa,PUENTE BLANCO
Iztapalapa,PURISIMA ATLAZOLPA
Iztapalapa,REAL DEL MORAL
Iztapalapa,REFORMA POLITICA
Iztapalapa,RENOVACION
Iztapalapa,RICARDO FLORES MAGON
Iztapalapa,SAN ANDRES TETEPILCO
Iztapalapa,SAN ANTONIO CULHUACAN
Iztapalapa,SAN JOSE ACULCO
Iztapalapa,SAN JOSE BUENAVISTA
Iztapalapa,SAN JUAN ESTRELLA
Iztapalapa,SAN JUAN JOYA
Iztapalapa,SAN JUAN XALPA
Iztapalapa,SAN MIGUEL 8VA AMPLIACION
Iztapalapa,SAN MIGUEL TEOTONGO (SECC ACORRALADO)
Iztapalapa,SAN MIGUEL TEOTONGO (SECC AVISADERO)
Iztapalapa,SAN MIGUEL TEOTONGO (SECC CORRALES)
Iztapalapa,SAN MIGUEL TEOTONGO (SECC GUADALUPE)
Iztapalapa,SAN MIGUEL TEOTONGO (SECC JARDINES)
Iztapalapa,SAN MIGUEL TEOTONGO (SECC LA CRUZ)
Iztapalapa,SAN MIGUEL TEOTONGO (SECC LAS TORRES)
Iztapalapa,SAN MIGUEL TEOTONGO (SECC LOMA ALTA)
Iztapalapa,SAN MIGUEL TEOTONGO (SECC MERCEDES)
Iztapalapa,SAN MIGUEL TEOTONGO (SECC PALMITAS)
Iztapalapa,SAN MIGUEL TEOTONGO (SECC RANCHITO)
Iztapalapa,SAN MIGUEL TEOTONGO (SECC RANCHO BAJO)
Iztapalapa,SAN MIGUEL TEOTONGO (SECCION IZTLAHUACA)
Iztapalapa,SAN MIGUEL TEOTONGO SECC CAPILLA
Iztapalapa,SAN MIGUEL TEOTONGO SECC PUENTE
Iztapalapa,SAN NICOLAS TOLENTINO
Iztapalapa,SAN PABLO
Iztapalapa,SANTA CRUZ MEYEHUALCO
Iztapalapa,SANTA ISABEL INDUSTRIAL
Iztapalapa,SANTA MARIA AZTAHUACAN
Iztapalapa,SANTA MARIA DEL MONTE
Iztapalapa,SANTA MARTHA ACATITLA NORTE
Iztapalapa,SANTIAGO ACAHUALTEPEC 1A AMPL
Iztapalapa,SANTIAGO ACAHUALTEPEC 2A AMPL
Iztapalapa,SECTOR POPULAR
Iztapalapa,SIDERAL
Iztapalapa,SINATEL
Iztapalapa,STA MARTHA ACATITLA SUR
Iztapalapa,TENORIOS
Iztapalapa,TEPALCATES
Iztapalapa,U.Habit. 28 DE JUNIO
Iztapalapa,U.Habit. LOS PICOS VI-B
Iztapalapa,UNIDAD EJERCITO CONSTITUCIONALISTA
Iztapalapa,UNIDAD MODELO
Iztapalapa,UNIDAD VICENTE GUERRERO
Iztapalapa,USCOVI
Iztapalapa,VALLE DE LUCES
Iztapalapa,VALLE DE SAN LORENZO
Iztapalapa,VALLE DEL SUR
Iztapalapa,XALPA
Iztapalapa,ZACAHUITZCO
Iztapalapa,ZONA RUSTICA
Iztapalapa,ZONA RUSTICA
Magdalena Contreras,Ampl. LOMAS DE SAN BERNABE
Magdalena Contreras,Ampl. POTRERILLO
Magdalena Contreras,ATACAXCO
Magdalena Contreras,BARRANCA SECA
Magdalena Contreras,BARROS SIERRA
Magdalena Contreras,Bo. LAS CALLES
Magdalena Contreras,Bo. SAN FRANCISCO
Magdalena Contreras,CERRO DEL JUDIO - AV
Magdalena Contreras,CRESCENCIO JUAREZ CHAVIRA
Magdalena Contreras,CUAUHTEMOC
Magdalena Contreras,EL ERMITAÑO
Magdalena Contreras,EL MAESTRO
Magdalena Contreras,EL OCOTAL
Magdalena Contreras,EL ROSAL
Magdalena Contreras,EL TANQUE
Magdalena Contreras,EL TORO
Magdalena Contreras,HEROES DE PADIERNA
Magdalena Contreras,HUAYATLA
Magdalena Contreras,LA CARBONERA
Magdalena Contreras,LA CONCEPCION
Magdalena Contreras,LA CRUZ
Magdalena Contreras,LA GUADALUPE
Magdalena Contreras,LA MALINCHE
Magdalena Contreras,LAS CRUCES
Magdalena Contreras,LAS HUERTAS
Magdalena Contreras,LOMAS DE SAN BERNABE
Magdalena Contreras,LOMAS QUEBRADAS
Magdalena Contreras,LOS PADRES
Magdalena Contreras,PALMAS
Magdalena Contreras,Pbo. LA MAGDALENA
Magdalena Contreras,Pbo. NUEVO BAJO
Magdalena Contreras,Pbo. PUEBLO NUEVO ALTO
Magdalena Contreras,Pbo. SAN BERNABE OCOTEPEC
Magdalena Contreras,Pbo. SAN NICOLAS TOTOLAPAN
Magdalena Contreras,PLAZUELA DEL PEDREGAL
Magdalena Contreras,POTRERILLO
Magdalena Contreras,SAN BARTOLO AMEYALCO
Magdalena Contreras,SAN FRANCISCO
Magdalena Contreras,SAN JERONIMO ACULCO
Magdalena Contreras,SAN JERONIMO LIDICE
Magdalena Contreras,SANTA TERESA
Magdalena Contreras,TIERRA UNIDA
Magdalena Contreras,VISTA HERMOSA
Magdalena Contreras,Z.Feder. ZONA RUSTICA
Miguel Hidalgo,10 DE ABRIL
Miguel Hidalgo,16 DE SEPTIEMBRE
Miguel Hidalgo,5 DE MAYO
Miguel Hidalgo,AGRICULTURA
Miguel Hidalgo,AHUEHUETES ANAHUAC
Miguel Hidalgo,AMERICA
Miguel Hidalgo,Ampl. DANIEL GARZA
Miguel Hidalgo,Ampl. GRANADA
Miguel Hidalgo,Ampl. POPO
Miguel Hidalgo,Ampl. TORRE BLANCA
Miguel Hidalgo,ANAHUAC I SECCION
Miguel Hidalgo,ANAHUAC II SECCION
Miguel Hidalgo,ANZURES
Miguel Hidalgo,ANZURES
Miguel Hidalgo,ARGENTINA ANTIGUA
Miguel Hidalgo,ARGENTINA PONIENTE
Miguel Hidalgo,BOSQUE DE CHAPULTEPEC I SECCION
Miguel Hidalgo,BOSQUE DE CHAPULTEPEC II SECCION
Miguel Hidalgo,BOSQUE DE CHAPULTEPEC III SECCION
Miguel Hidalgo,BOSQUE DE LAS LOMAS
Miguel Hidalgo,CUAUHTEMOC PENSIL
Miguel Hidalgo,DANIEL GARZA
Miguel Hidalgo,DEPORTIVO PENSIL
Miguel Hidalgo,DOS LAGOS
Miguel Hidalgo,ESCANDON I SECCION
Miguel Hidalgo,ESCANDON II SECCION
Miguel Hidalgo,FRANCISCO I MADERO
Miguel Hidalgo,GRANADA
Miguel Hidalgo,HUICHAPAN
Miguel Hidalgo,IGNACIO MANUEL ALTAMIRANO
Miguel Hidalgo,IRRIGACION
Miguel Hidalgo,LAGO NORTE
Miguel Hidalgo,LAGO SUR
Miguel Hidalgo,LEGARIA
Miguel Hidalgo,LOMAS ALTAS
Miguel Hidalgo,LOMAS DE BEZARES
Miguel Hidalgo,LOMAS DE CHAPULTEPEC I SECCION
Miguel Hidalgo,LOMAS DE CHAPULTEPEC II SECCION
Miguel Hidalgo,LOMAS DE CHAPULTEPEC III SECCION
Miguel Hidalgo,LOMAS DE CHAPULTEPEC IV SECCION
Miguel Hidalgo,LOMAS DE CHAPULTEPEC V SECCION
Miguel Hidalgo,LOMAS DE CHAPULTEPEC VI SECCION
Miguel Hidalgo,LOMAS DE CHAPULTEPEC VII SECCION
Miguel Hidalgo,LOMAS DE CHAPULTEPEC VIII SECCION
Miguel Hidalgo,LOMAS DE REFORMA
Miguel Hidalgo,LOMAS DE SOTELO
Miguel Hidalgo,LOMAS HERMOSA
Miguel Hidalgo,LOS MANZANOS
Miguel Hidalgo,MANUEL AVILA CAMACHO
Miguel Hidalgo,MARIANO ESCOBEDO
Miguel Hidalgo,MEXICO NUEVO
Miguel Hidalgo,MODELO PENSIL
Miguel Hidalgo,MOLINO DEL REY
Miguel Hidalgo,NEXTITLA
Miguel Hidalgo,OBSERVATORIO
Miguel Hidalgo,PANTEON CIVIL DE DOLORES
Miguel Hidalgo,PENSIL NORTE
Miguel Hidalgo,PENSIL SUR
Miguel Hidalgo,PERALITOS
Miguel Hidalgo,PERIODISTA
Miguel Hidalgo,PLUTARCO ELIAS CALLES
Miguel Hidalgo,POLANCO I SECCION
Miguel Hidalgo,POLANCO II SECCION
Miguel Hidalgo,POLANCO III SECCION
Miguel Hidalgo,POLANCO IV SECCION
Miguel Hidalgo,POLANCO V SECCION
Miguel Hidalgo,POPO
Miguel Hidalgo,POPOTLA
Miguel Hidalgo,REAL DE LAS LOMAS
Miguel Hidalgo,REFORMA PENSIL
Miguel Hidalgo,REFORMA SOCIAL
Miguel Hidalgo,Residnc. MILITAR
Miguel Hidalgo,SAN DIEGO OCOYOACAC
Miguel Hidalgo,SAN JOAQUIN
Miguel Hidalgo,SAN JUANICO
Miguel Hidalgo,SAN LORENZO TLATENANGO
Miguel Hidalgo,SAN MIGUEL CHAPULTEPEC I SECCION
Miguel Hidalgo,SAN MIGUEL CHAPULTEPEC II SECCION
Miguel Hidalgo,SANTO TOMAS
Miguel Hidalgo,TACUBA
Miguel Hidalgo,TACUBAYA
Miguel Hidalgo,TLAXPANA
Miguel Hidalgo,TORRE BLANCA
Miguel Hidalgo,UN HOGAR PARA NOSOTROS
Miguel Hidalgo,VENTURA PEREZ DE ALVA
Miguel Hidalgo,VERONICA ANZURES
Milpa Alta,Bo. CENTRO
Milpa Alta,Bo. CHALMITA
Milpa Alta,Bo. CRUZTITLA
Milpa Alta,Bo. LA CONCEPCION
Milpa Alta,Bo. LA LUPITA TETIPAC
Milpa Alta,Bo. LA LUPITA XOLCO
Milpa Alta,Bo. LA LUZ
Milpa Alta,Bo. LOS ANGELES
Milpa Alta,Bo. NOCHTLA
Milpa Alta,Bo. OCOTITLA
Milpa Alta,Bo. PANCHIMALCO
Milpa Alta,Bo. SAN AGUSTIN
Milpa Alta,Bo. SAN JOSE
Milpa Alta,Bo. SAN JUAN DEL PUEBLO SAN PABLO OZTOTEPEC
Milpa Alta,Bo. SAN MARCOS
Milpa Alta,Bo. SAN MATEO
Milpa Alta,Bo. SAN MIGUEL
Milpa Alta,Bo. SAN MIGUEL
Milpa Alta,Bo. SANTA CRUZ
Milpa Alta,Bo. SANTA MARTHA
Milpa Alta,Bo. TECAXTITLA
Milpa Alta,Bo. TENANTITLA
Milpa Alta,Bo. TULA
Milpa Alta,Bo. XALTIPAC
Milpa Alta,Bo. XALTIPAC
Milpa Alta,Bo. XALTIPAC
Milpa Alta,Bo. XOCHITEPEC
Milpa Alta,LA CONCHITA
Milpa Alta,Pbo. SAN AGUSTIN OHTENCO
Milpa Alta,Pbo. SAN BARTOLOME XICOMULCO
Milpa Alta,Pbo. SAN FRANCISCO  TECOXPA
Milpa Alta,Pbo. SAN JUAN TEPENAHUAC
Milpa Alta,Pbo. SAN LORENZO TLACOYUCAN
Milpa Alta,Pbo. SN JERONIMO MIACATLAN
Milpa Alta,Pbo. SN SALVADOR CUAUHTENCO
Milpa Alta,Villa MILPA ALTA CENTRO
Milpa Alta,ZONA RUSTICA
Milpa Alta,ZONA RUSTICA
Milpa Alta,ZONA RUSTICA
Milpa Alta,ZONA RUSTICA
Milpa Alta,ZONA RUSTICA
Milpa Alta,ZONA RUSTICA
Tláhuac,3 DE MAYO
Tláhuac,AGRICOLA METROPOLITANA
Tláhuac,Ampl. JOSE LOPEZ PORTILLO
Tláhuac,Ampl. SANTA CATARINA
Tláhuac,Ampl. SELENE
Tláhuac,AMPLIACION  ZAPOTITLA
Tláhuac,AMPLIACION LA CONCHITA
Tláhuac,AMPLIACION LOS OLIVOS
Tláhuac,BARRIO LA SOLEDAD
Tláhuac,BARRIO SANTA CRUZ
Tláhuac,BARRIO SANTIAGO CENTRO
Tláhuac,BARRIO SANTIAGO NORTE
Tláhuac,BARRIO SANTIAGO SUR
Tláhuac,Bo. GUADALUPE STA CATARINA YEC
Tláhuac,Bo. LA ASUNCION
Tláhuac,Bo. LA CONCEPCION
Tláhuac,Bo. LA CONCEPCION
Tláhuac,Bo. LA GUADALUPE
Tláhuac,Bo. LA GUADALUPE
Tláhuac,Bo. LA MAGDALENA
Tláhuac,Bo. LOS REYES
Tláhuac,Bo. LOS REYES
Tláhuac,Bo. SAN AGUSTIN
Tláhuac,Bo. SAN AGUSTIN
Tláhuac,Bo. SAN ANDRES
Tláhuac,Bo. SAN BARTOLOME
Tláhuac,Bo. SAN JUAN
Tláhuac,Bo. SAN MATEO
Tláhuac,Bo. SAN MIGUEL
Tláhuac,Bo. SAN MIGUEL
Tláhuac,Bo. SAN MIGUEL
Tláhuac,Bo. SANTA ANA
Tláhuac,Bo. SANTA ANA CENTRO
Tláhuac,Bo. SANTA ANA NORTE
Tláhuac,Bo. SANTA ANA PONIENTE
Tláhuac,Bo. SANTIAGO
Tláhuac,Bo. STA ANA SUR
Tláhuac,CHICHILAULA
Tláhuac,DEL MAR
Tláhuac,EL ROSARIO
Tláhuac,EL TRIANGULO
Tláhuac,FRANCISCO VILLA
Tláhuac,GRANJAS CABRERA
Tláhuac,GUADALUPE TLALTENCO
Tláhuac,JAIME TORRES BODET
Tláhuac,JARDINES DEL LLANO
Tláhuac,LA ASUNCION
Tláhuac,LA CONCHITA ZAPOTITLAN
Tláhuac,LA DRAGA
Tláhuac,LA ESTACION
Tláhuac,LA HABANA
Tláhuac,LA LUPITA
Tláhuac,LA MEZA
Tláhuac,LA NOPALERA
Tláhuac,LA TURBA
Tláhuac,LAS ARBOLEDAS
Tláhuac,LOPEZ PORTILLO
Tláhuac,LOS OLIVOS
Tláhuac,MIGUEL HIDALGO
Tláhuac,OJO DE AGUA
Tláhuac,Pbo. SAN FRANCISCO TLALTENCO
Tláhuac,Pbo. SAN NICOLAS TETELCO
Tláhuac,Pbo. SANTA CATARINA YECAHUIZOTL
Tláhuac,PEÑA ALTA
Tláhuac,POTRERO DEL LLANO
Tláhuac,QUIAHUATLA
Tláhuac,SAN ISIDRO
Tláhuac,SAN JOSE
Tláhuac,SAN SEBASTIAN
Tláhuac,SELENE
Tláhuac,SELENE
Tláhuac,STA CECILIA
Tláhuac,TEOZOMA
Tláhuac,TEPANTITLAMILCO
Tláhuac,TIERRA BLANCA
Tláhuac,Villa CENTRO AMERICANA
Tláhuac,ZACATENCO
Tláhuac,ZAPOTITLA
Tláhuac,ZONA RUSTICA
Tláhuac,ZONA RUSTICA
Tláhuac,ZONA RUSTICA
Tláhuac,ZONA RUSTICA
Tláhuac,ZONA RUSTICA
Tlalpan,Ampl. FUENTES DEL PEDREGAL
Tlalpan,Ampl. ISIDRO FABELA
Tlalpan,AMSA
Tlalpan,ARBOLEDAS  DEL SUR
Tlalpan,ARENAL DE GUADALUPE
Tlalpan,ARENAL TEPEPAN
Tlalpan,BELISARIO DOMINGUEZ
Tlalpan,BELISARIO DOMINGUEZ SECCION XVI
Tlalpan,BELVEDERE AJUSCO
Tlalpan,Bo. DE CARAMAGUEY
Tlalpan,Bo. DEL NIÑO JESUS
Tlalpan,Bo. EL CAPULIN
Tlalpan,Bo. LA FAMA
Tlalpan,Bo. LA LONJA
Tlalpan,Bo. SAN FERNANDO
Tlalpan,BOSQUES DE TEPEXIMILPA
Tlalpan,BOSQUES DEL PEDREGAL
Tlalpan,CANTERA PUENTE DE PIEDRA
Tlalpan,CHICHICASPATL
Tlalpan,CHIMALLI
Tlalpan,CHIMILLI
Tlalpan,CLUB DE GOLF MEXICO
Tlalpan,COLINAS DEL AJUSCO
Tlalpan,COLINAS DEL BOSQUE
Tlalpan,COMUNEROS DE SANTA URSULA
Tlalpan,CRUZ DEL FAROL
Tlalpan,CUCHILLA DE PADIERNA
Tlalpan,CULTURA MAYA
Tlalpan,CUMBRES DE TEPETONGO
Tlalpan,DIAMANTE
Tlalpan,DIVISADERO
Tlalpan,DOLORES TLALI
Tlalpan,DOS DE OCTUBRE
Tlalpan,EJIDOS DE SAN PEDRO MARTIR
Tlalpan,EL CANTIL
Tlalpan,EL CHARCO
Tlalpan,EL FRESNO
Tlalpan,EL MIRADOR 1A SECCION
Tlalpan,EL MIRADOR 2A SECC
Tlalpan,EL MIRADOR 3A SECC
Tlalpan,EL TRUENITO
Tlalpan,EX HACIENDA COAPA
Tlalpan,EX HDA SAN JUAN DE DIOS
Tlalpan,FLORESTA COYOACAN
Tlalpan,FUENTES BROTANTES
Tlalpan,FUENTES DE TEPEPAN
Tlalpan,FUENTES DEL PEDREGAL
Tlalpan,GRANJAS COAPA
Tlalpan,GUADALUPE
Tlalpan,HACIENDA SAN JUAN
Tlalpan,HEROES DE 1910
Tlalpan,HEROES DE PADIERNA
Tlalpan,HEROICO COLEGIO MILITAR
Tlalpan,ISIDRO FABELA
Tlalpan,JARDINES DEL AJUSCO
Tlalpan,JARDINES EN LA MONTAÑA
Tlalpan,JUVENTUD UNIDA
Tlalpan,LA JOYA
Tlalpan,LA PALMA
Tlalpan,LAS TORTOLAS
Tlalpan,LOMA BONITA
Tlalpan,LOMAS DE CUILOTEPEC
Tlalpan,LOMAS DE PADIERNA
Tlalpan,LOMAS DE PADIERNA SUR
Tlalpan,LOMAS DEL PEDREGAL
Tlalpan,LOMAS HIDALGO
Tlalpan,LOS ENCINOS
Tlalpan,LOS FRAMBOYANOS
Tlalpan,LOS VOLCANES
Tlalpan,MAGISTERIAL
Tlalpan,MAGISTRAL COAPA
Tlalpan,MARIA ESTHER ZUNO DE ECHEVERRIA
Tlalpan,MESA DE LOS HORNOS
Tlalpan,MIGUEL HIDALGO
Tlalpan,MIGUEL HIDALGO 1RA SECCION
Tlalpan,MIGUEL HIDALGO 2A SECC
Tlalpan,MIGUEL HIDALGO 3A SECCION
Tlalpan,MIGUEL HIDALGO 4A SECCION
Tlalpan,MIRADOR 1
Tlalpan,MIRADOR DEL VALLE
Tlalpan,MIRADOR II
Tlalpan,MOVIMIENTO ORGANIZADO DE TLALPAN
Tlalpan,NARCISO MENDOZA
Tlalpan,NUEVA ORIENTAL COAPA
Tlalpan,NUEVO RENACIMIENTO DE AXALCO
Tlalpan,PARAJE 38
Tlalpan,PARQUE DEL PEDREGAL
Tlalpan,PARQUE NAL DEL PEDREGAL ( BOSQUE DEL PEDREGAL )
Tlalpan,Pbo. CHIMALCOYOTL
Tlalpan,Pbo. LA MAGDALENA PETLACALCO
Tlalpan,Pbo. PARRES EL GUARDA
Tlalpan,Pbo. QUIETO
Tlalpan,Pbo. SAN ANDRES TOTOLTEPEC
Tlalpan,Pbo. SAN LORENZO HUIPULCO
Tlalpan,Pbo. SAN MIGUEL AJUSCO
Tlalpan,Pbo. SAN MIGUEL TOPILEJO
Tlalpan,Pbo. SAN MIGUEL XICALCO
Tlalpan,Pbo. SAN PEDRO MARTIR
Tlalpan,Pbo. SANTO TOMAS AJUSCO
Tlalpan,Pbo. STA URSULA XITLA
Tlalpan,PEÑA POBRE
Tlalpan,PEDREGAL DE LAS AGUILAS
Tlalpan,PEDREGAL DE SAN NICOLAS 1A SECC
Tlalpan,PEDREGAL DE SAN NICOLAS 2A SECCION
Tlalpan,PEDREGAL DE SAN NICOLAS 3A SECCION
Tlalpan,PEDREGAL DE SAN NICOLAS 4A SECC
Tlalpan,PEDREGAL DE SAN NICOLAS 5A SECCION
Tlalpan,PEDREGAL DE SANTA URSULA XITLA
Tlalpan,PLAN DE AYALA
Tlalpan,POPULAR SANTA TERESA
Tlalpan,PRADO COAPA 1A SECC
Tlalpan,PRADO COAPA 2A SECC
Tlalpan,PRADO COAPA 3A SECC
Tlalpan,PRIMAVERA
Tlalpan,RANCHO LOS COLORINES
Tlalpan,RESIDENCIAL ACOXPA
Tlalpan,Residnc. MIRAMONTES
Tlalpan,Residnc. VILLA COAPA
Tlalpan,RINCON DEL PEDREGAL
Tlalpan,RINCONADA COAPA 1A SECC
Tlalpan,RINCONADA COAPA 2A SECCION
Tlalpan,RINCONADA EL MIRADOR
Tlalpan,RINCONADA LAS HADAS
Tlalpan,ROCA DE CRISTAL
Tlalpan,ROMULO SANCHEZ MIRELES
Tlalpan,SAN BARTOLO EL CHICO
Tlalpan,SAN BUENAVENTURA
Tlalpan,SAN JUAN TEPEXIMILPA
Tlalpan,SAN PEDRO APOSTOL
Tlalpan,SANTISIMA TRINIDAD
Tlalpan,SANTISIMA TRINIDAD
Tlalpan,TECORRAL
Tlalpan,TENORIOS
Tlalpan,TEPEXIMILPA LA PAZ
Tlalpan,TEXCALTENCO
Tlalpan,TLALCOLIGIA
Tlalpan,TLALMILLE
Tlalpan,TLALPAN
Tlalpan,TLALPAN CENTRO
Tlalpan,TLALPUENTE
Tlalpan,TLAXCALTENCO LA MESA
Tlalpan,TORIELLO GUERRA
Tlalpan,TORRES DE PADIERNA
Tlalpan,U.Habit. ZAPOTE 1
Tlalpan,VALLE DE TEPEPAN
Tlalpan,VALLE DE TEPEPAN
Tlalpan,VALLE ESCONDIDO
Tlalpan,VALLE VERDE
Tlalpan,VERGEL COAPA
Tlalpan,VERGEL DE COYOACAN
Tlalpan,VERGEL DEL SUR
Tlalpan,Villa COAPA
Tlalpan,VILLA LAZARO CARDENAS
Tlalpan,Villa OLIMPICA
Tlalpan,Villa TLALPAN
Tlalpan,VISTAS DEL PEDREGAL
Tlalpan,VIVEROS COATECTLAN
Tlalpan,Z.Feder. ZONA RUSTICA
Tlalpan,ZACAYUCAN PEÑA POBRE
Tlalpan,ZONA RUSTICA
Venustiano Carranza,10 DE MAYO
Venustiano Carranza,1o DE MAYO
Venustiano Carranza,20 DE NOVIEMBRE
Venustiano Carranza,24 DE ABRIL
Venustiano Carranza,4 ARBOLES
Venustiano Carranza,5O. TRAMO 20 DE NOVIEMBRE
Venustiano Carranza,7 DE JULIO
Venustiano Carranza,AARON SAENZ
Venustiano Carranza,ADOLFO LOPEZ MATEOS
Venustiano Carranza,AEROPUERTO INTERNACIONAL DE LA CD DE MEXICO
Venustiano Carranza,ALVARO OBREGON
Venustiano Carranza,Ampl. AVIACION CIVIL
Venustiano Carranza,Ampl. MICHOACANA
Venustiano Carranza,Ampl. SIMON BOLIVAR
Venustiano Carranza,Ampl. VENUSTIANO CARRANZA
Venustiano Carranza,AMPLIACION 20 DE NOVIEMBRE
Venustiano Carranza,AMPLIACION CARACOL
Venustiano Carranza,AMPLIACION PENITENCIARIA
Venustiano Carranza,AQUILES SERDAN
Venustiano Carranza,ARENAL 1A SECCION
Venustiano Carranza,ARENAL 2A SECCION
Venustiano Carranza,ARENAL 3A SECCION
Venustiano Carranza,ARENAL 4A SECCION
Venustiano Carranza,ARENAL PUERTO AEREO
Venustiano Carranza,AREONAUTICA MILITAR
Venustiano Carranza,ARTES GRAFICAS
Venustiano Carranza,AVIACION CIVIL
Venustiano Carranza,AZTECA
Venustiano Carranza,CARACOL
Venustiano Carranza,CUCHILLA PANTITLAN
Venustiano Carranza,DAMIAN CARMONA
Venustiano Carranza,DEL PARQUE
Venustiano Carranza,EMILIO CARRANZA
Venustiano Carranza,ESCUELA DE TIRO
Venustiano Carranza,FEDERAL
Venustiano Carranza,FELIPE ANGELES
Venustiano Carranza,GENERAL IGNACIO ZARAGOZA
Venustiano Carranza,INDUSTRIAL PUERTO AEREO
Venustiano Carranza,JAMAICA
Venustiano Carranza,JANITZIO
Venustiano Carranza,JARDIN BALBUENA
Venustiano Carranza,LORENZO BOTURINI
Venustiano Carranza,MAGDALENA MIXIUHCA
Venustiano Carranza,MERCED BALBUENA
Venustiano Carranza,MICHOACANA
Venustiano Carranza,MIGUEL HIDALGO
Venustiano Carranza,MOCTEZUMA 1A SECCION
Venustiano Carranza,MOCTEZUMA 2A SECCION
Venustiano Carranza,MORELOS
Venustiano Carranza,NICOLAS BRAVO
Venustiano Carranza,PEÑON DE LOS BAÑOS
Venustiano Carranza,PENITENCIARIA
Venustiano Carranza,PENSADOR MEXICANO
Venustiano Carranza,POPULAR RASTRO
Venustiano Carranza,PROGRESISTA
Venustiano Carranza,PUEBLA
Venustiano Carranza,PUEBLO DE LA MAGDALENA MIXIUHCA
Venustiano Carranza,REVOLUCION
Venustiano Carranza,ROMERO RUBIO
Venustiano Carranza,SANTA CRUZ AVIACION
Venustiano Carranza,SEVILLA
Venustiano Carranza,SIMON BOLIVAR
Venustiano Carranza,TRES MOSQUETEROS
Venustiano Carranza,VALENTIN GOMEZ FARIAS
Venustiano Carranza,VALLE GOMEZ
Venustiano Carranza,VENUSTIANO CARRANZA
Venustiano Carranza,ZONA CENTRO
Xochimilco,AÑO DE JUAREZ
Xochimilco,Ampl. NATIVITAS
Xochimilco,Ampl. NATIVITAS LA JOYA
Xochimilco,Ampl. SAN MARCOS NORTE
Xochimilco,Ampl. TEPEPAN
Xochimilco,Bo. 18
Xochimilco,Bo. 3 DE MAYO
Xochimilco,Bo. AHUALAPA
Xochimilco,Bo. APATLACO
Xochimilco,Bo. BELEN
Xochimilco,Bo. CALYEQUITA
Xochimilco,Bo. CAPULCO
Xochimilco,Bo. CHAPULTEPEC
Xochimilco,Bo. CONCEPCION TLACOAPA
Xochimilco,Bo. DEL PUENTE
Xochimilco,Bo. EL CALVARIO
Xochimilco,Bo. EL ROSARIO
Xochimilco,Bo. LA ASUNCION
Xochimilco,Bo. LA ASUNCION
Xochimilco,Bo. LA CANDELARIA
Xochimilco,Bo. LA GALLERA
Xochimilco,Bo. LA GUADALUPITA
Xochimilco,Bo. LA PLANTA
Xochimilco,Bo. LA SANTISIMA
Xochimilco,Bo. LAS CRUCES
Xochimilco,Bo. LAS FLORES
Xochimilco,Bo. NIÑOS HEROES
Xochimilco,Bo. POCITOS
Xochimilco,Bo. SAN ANDRES
Xochimilco,Bo. SAN ANTONIO
Xochimilco,Bo. SAN ANTONIO
Xochimilco,Bo. SAN CRISTOBAL
Xochimilco,Bo. SAN DIEGO
Xochimilco,Bo. SAN ESTEBAN
Xochimilco,Bo. SAN JOSE
Xochimilco,Bo. SAN JUAN
Xochimilco,Bo. SAN JUAN
Xochimilco,Bo. SAN JUAN MINAS
Xochimilco,Bo. SAN JUAN MOYOTEPEC
Xochimilco,Bo. SAN LORENZO
Xochimilco,Bo. SAN MARCOS
Xochimilco,Bo. SAN PEDRO
Xochimilco,Bo. SANTA CRUCITA
Xochimilco,Bo. TETITLA
Xochimilco,Bo. TETITLA
Xochimilco,Bo. XALTOCAN
Xochimilco,BOSQUE RESIDENCIAL DEL SUR
Xochimilco,CERRILLOS I
Xochimilco,CERRILLOS III
Xochimilco,CERRILLOS SEGUNDA SECCION
Xochimilco,CRISTO REY
Xochimilco,DEL CARMEN
Xochimilco,EL ARENAL
Xochimilco,EL JAZMIN
Xochimilco,EL MIRADOR
Xochimilco,EL MIRADOR
Xochimilco,EL SACRIFICIO
Xochimilco,GUADALUPANA
Xochimilco,GUADALUPITA
Xochimilco,HUICHAPAN
Xochimilco,JARDINES DEL SUR
Xochimilco,LA CAÑADA
Xochimilco,LA CONCHA
Xochimilco,LA NORIA
Xochimilco,LAS ANIMAS
Xochimilco,LAS MESITAS
Xochimilco,LAS PERITAS
Xochimilco,LOMAS DE NATIVITAS
Xochimilco,LOMAS DE TONALCO
Xochimilco,LOS REYES
Xochimilco,NATIVITAS
Xochimilco,PASEOS DEL SUR
Xochimilco,Pbo. SAN FRANCISCO TLALNEPANTLA
Xochimilco,Pbo. SAN GREGORIO ATLAPULCO
Xochimilco,Pbo. SAN LORENZO ATEMOAYA
Xochimilco,Pbo. SAN LUCAS XOCHIMANCA
Xochimilco,Pbo. SAN LUIS TLAXIALTEMALCO
Xochimilco,Pbo. SAN MATEO XALPA
Xochimilco,Pbo. SAN SALVADOR CUAUHTENCO
Xochimilco,Pbo. SANTA CRUZ XOCHITEPEC
Xochimilco,Pbo. SANTA MARÃA NATIVITAS
Xochimilco,Pbo. SANTA MARIA TEPEPAN
Xochimilco,Pbo. SANTIAGO TEPALCATLALPAN
Xochimilco,Pbo. SANTIAGO TEPALCATLALPAN
Xochimilco,Pbo. SANTIAGO TEPALCATLALPAN
Xochimilco,Pbo. STA CECILIA TEPETLAPA
Xochimilco,POTRERO SAN BERNARDINO
Xochimilco,QUIRINO MENDOZA
Xochimilco,RANCHO TEJOMULCO
Xochimilco,RINCONADA COAPA
Xochimilco,ROSARIO TLALI
Xochimilco,SAN BARTOLO EL CHICO
Xochimilco,SAN FELIPE
Xochimilco,SAN ISIDRO
Xochimilco,SAN JERONIMO
Xochimilco,SAN JUAN TEPEPAN
Xochimilco,SAN LORENZO LA CEBADA
Xochimilco,SAN LUCAS ORIENTE
Xochimilco,SAN LUCAS ORIENTE
Xochimilco,SANTA CRUZ CHAVARRIETA
Xochimilco,SANTA CRUZ DE GUADALUPE
Xochimilco,SANTA INES
Xochimilco,SANTIAGUITO
Xochimilco,TABLAS DE SAN LORENZO
Xochimilco,TEXMIC
Xochimilco,TIERRA NUEVA
Xochimilco,VALLE SANTA MARIA
Xochimilco,XOCHIPILLI
Xochimilco,ZONA RUSTICA
Xochimilco,ZONA RUSTICA
Xochimilco,ZONA RUSTICA
Xochimilco,ZONA RUSTICA
Xochimilco,ZONA RUSTICA