Edo. De México,Acolman
Edo. De México,Amecameca
Edo. De México,Apaxco
Edo. De México,Atenco
Edo. De México,Atizapán de Zaragoza
Edo. De México,Atlautla
Edo. De México,Axapusco
Edo. De México,Ayapango
Edo. De México,Chalco
Edo. De México,Chiautla
Edo. De México,Chicoloapan
Edo. De México,Chiconcuac
Edo. De México,Chimalhuacán
Edo. De México,Coacalco de Berriozábal
Edo. De México,Cocotitlán
Edo. De México,Coyotepec
Edo. De México,Cuautitlán
Edo. De México,Cuautitlán Izcalli
Edo. De México,Ecatepec de Morelos
Edo. De México,Ecatzingo
Edo. De México,Huehuetoca
Edo. De México,Hueypoxtla
Edo. De México,Huixquilucan
Edo. De México,Isidro Fabela
Edo. De México,Ixtapaluca
Edo. De México,Jaltenco
Edo. De México,Jilotzingo
Edo. De México,Juchitepec
Edo. De México,La Paz
Edo. De México,Melchor Ocampo
Edo. De México,Naucalpan de Juárez
Edo. De México,Nextlalpan
Edo. De México,Nezahualcóyotl
Edo. De México,Nicolás Romero
Edo. De México,Nopaltepec
Edo. De México,Otumba
Edo. De México,Ozumba
Edo. De México,Papalotla
Edo. De México,San Martín de las Pirámides
Edo. De México,Tecámac
Edo. De México,Temamatla
Edo. De México,Temascalapa
Edo. De México,Tenango del Aire
Edo. De México,Teoloyucan
Edo. De México,Teotihuacán
Edo. De México,Tepetlaoxtoc
Edo. De México,Tepetlixpa
Edo. De México,Tepotzotlán
Edo. De México,Tequixquiac
Edo. De México,Texcoco
Edo. De México,Tezoyuca
Hidalgo,Tizayuca
Edo. De México,Tlalmanalco
Edo. De México,Tlalnepantla de Baz
Edo. De México,Tonanitla
Edo. De México,Tultepec
Edo. De México,Tultitlán
Edo. De México,Valle de Chalco Solidaridad
Edo. De México,Villa del Carbón
Edo. De México,Zumpango